{
  "case": {
    "VS_ASSD": {
      "0": 17.138299038860275,
      "1": 57.08769045275524,
      "2": 50.26247019129769,
      "3": 44.96700145391546,
      "4": 15.093181566058451,
      "5": 10.543533708189592,
      "6": 50.42002425764922,
      "7": 5.425979913898193,
      "8": 37.46723201559153,
      "9": 48.257877162485045,
      "10": 45.089334596180606,
      "11": 35.21957166256922,
      "12": 44.85266136425676,
      "13": 14.369431911563376,
      "14": 19.930424503224298,
      "15": 59.05123627329958,
      "16": 44.87022570687688,
      "17": 24.973673967114493,
      "18": 5.556580780723649,
      "19": 12.558684720178084,
      "20": 18.581291106325377,
      "21": 26.20568999598806,
      "22": 15.917898544537595,
      "23": 20.784118961143616,
      "24": 60.735059013768236,
      "25": 1.5609611139308246,
      "26": 31.341106853203435,
      "27": 36.00616850750508,
      "28": 9.931072342765722,
      "29": 49.00041406591059,
      "30": 40.87977592071371,
      "31": 50.31793247778418
    },
    "VS_Dice": {
      "0": 0.6948994787788533,
      "1": 0.0,
      "2": 0.0,
      "3": 0.0,
      "4": 0.4123495552066981,
      "5": 0.5463253065974398,
      "6": 0.0,
      "7": 0.7492161716171617,
      "8": 0.0,
      "9": 0.0,
      "10": 0.0,
      "11": 0.0,
      "12": 0.0,
      "13": 0.5080935820423649,
      "14": 0.35261524822695034,
      "15": 0.0,
      "16": 0.0,
      "17": 0.019904578916690053,
      "18": 0.7897376262809798,
      "19": 0.707513784873673,
      "20": 0.31076624636275463,
      "21": 0.09172199220951027,
      "22": 0.3803343766699748,
      "23": 0.16842469306588276,
      "24": 0.0,
      "25": 0.6322839919624916,
      "26": 0.00907250214157776,
      "27": 0.007290400972053463,
      "28": 0.5317582080392759,
      "29": 0.0,
      "30": 0.0,
      "31": 0.0
    },
    "gt_fname": {
      "0": "crossmoda_211_Label.nii.gz",
      "1": "crossmoda_212_Label.nii.gz",
      "2": "crossmoda_213_Label.nii.gz",
      "3": "crossmoda_214_Label.nii.gz",
      "4": "crossmoda_215_Label.nii.gz",
      "5": "crossmoda_216_Label.nii.gz",
      "6": "crossmoda_217_Label.nii.gz",
      "7": "crossmoda_218_Label.nii.gz",
      "8": "crossmoda_219_Label.nii.gz",
      "9": "crossmoda_220_Label.nii.gz",
      "10": "crossmoda_221_Label.nii.gz",
      "11": "crossmoda_222_Label.nii.gz",
      "12": "crossmoda_223_Label.nii.gz",
      "13": "crossmoda_224_Label.nii.gz",
      "14": "crossmoda_225_Label.nii.gz",
      "15": "crossmoda_226_Label.nii.gz",
      "16": "crossmoda_227_Label.nii.gz",
      "17": "crossmoda_228_Label.nii.gz",
      "18": "crossmoda_229_Label.nii.gz",
      "19": "crossmoda_230_Label.nii.gz",
      "20": "crossmoda_231_Label.nii.gz",
      "21": "crossmoda_232_Label.nii.gz",
      "22": "crossmoda_233_Label.nii.gz",
      "23": "crossmoda_234_Label.nii.gz",
      "24": "crossmoda_235_Label.nii.gz",
      "25": "crossmoda_236_Label.nii.gz",
      "26": "crossmoda_237_Label.nii.gz",
      "27": "crossmoda_238_Label.nii.gz",
      "28": "crossmoda_239_Label.nii.gz",
      "29": "crossmoda_240_Label.nii.gz",
      "30": "crossmoda_241_Label.nii.gz",
      "31": "crossmoda_242_Label.nii.gz"
    },
    "Mean_Dice": {
      "0": 0.34744973938942664,
      "1": 0.0,
      "2": 0.0,
      "3": 0.0,
      "4": 0.20617477760334904,
      "5": 0.3228614484794428,
      "6": 0.0,
      "7": 0.37460808580858085,
      "8": 0.05859872611464968,
      "9": 0.0,
      "10": 0.0,
      "11": 0.0,
      "12": 0.021875,
      "13": 0.25404679102118244,
      "14": 0.17630762411347517,
      "15": 0.0,
      "16": 0.0,
      "17": 0.009952289458345026,
      "18": 0.3948688131404899,
      "19": 0.3537568924368365,
      "20": 0.15538312318137731,
      "21": 0.045860996104755136,
      "22": 0.1901671883349874,
      "23": 0.08421234653294138,
      "24": 0.0,
      "25": 0.39913794739824987,
      "26": 0.0790976545795608,
      "27": 0.0036452004860267314,
      "28": 0.2750031916108788,
      "29": 0.0,
      "30": 0.0,
      "31": 0.0
    },
    "pred_fname": {
      "0": "crossmoda_211_Label.nii.gz",
      "1": "crossmoda_212_Label.nii.gz",
      "2": "crossmoda_213_Label.nii.gz",
      "3": "crossmoda_214_Label.nii.gz",
      "4": "crossmoda_215_Label.nii.gz",
      "5": "crossmoda_216_Label.nii.gz",
      "6": "crossmoda_217_Label.nii.gz",
      "7": "crossmoda_218_Label.nii.gz",
      "8": "crossmoda_219_Label.nii.gz",
      "9": "crossmoda_220_Label.nii.gz",
      "10": "crossmoda_221_Label.nii.gz",
      "11": "crossmoda_222_Label.nii.gz",
      "12": "crossmoda_223_Label.nii.gz",
      "13": "crossmoda_224_Label.nii.gz",
      "14": "crossmoda_225_Label.nii.gz",
      "15": "crossmoda_226_Label.nii.gz",
      "16": "crossmoda_227_Label.nii.gz",
      "17": "crossmoda_228_Label.nii.gz",
      "18": "crossmoda_229_Label.nii.gz",
      "19": "crossmoda_230_Label.nii.gz",
      "20": "crossmoda_231_Label.nii.gz",
      "21": "crossmoda_232_Label.nii.gz",
      "22": "crossmoda_233_Label.nii.gz",
      "23": "crossmoda_234_Label.nii.gz",
      "24": "crossmoda_235_Label.nii.gz",
      "25": "crossmoda_236_Label.nii.gz",
      "26": "crossmoda_237_Label.nii.gz",
      "27": "crossmoda_238_Label.nii.gz",
      "28": "crossmoda_239_Label.nii.gz",
      "29": "crossmoda_240_Label.nii.gz",
      "30": "crossmoda_241_Label.nii.gz",
      "31": "crossmoda_242_Label.nii.gz"
    },
    "Cochlea_ASSD": {
      "0": null,
      "1": null,
      "2": null,
      "3": null,
      "4": null,
      "5": 20.192796610741418,
      "6": null,
      "7": null,
      "8": 17.59410952043845,
      "9": null,
      "10": null,
      "11": null,
      "12": 18.313749181725324,
      "13": null,
      "14": null,
      "15": null,
      "16": null,
      "17": null,
      "18": null,
      "19": null,
      "20": null,
      "21": null,
      "22": null,
      "23": null,
      "24": null,
      "25": 15.858373564862733,
      "26": 20.253853128696548,
      "27": null,
      "28": 17.308698426167176,
      "29": null,
      "30": null,
      "31": null
    },
    "Cochlea_Dice": {
      "0": 0.0,
      "1": 0.0,
      "2": 0.0,
      "3": 0.0,
      "4": 0.0,
      "5": 0.09939759036144578,
      "6": 0.0,
      "7": 0.0,
      "8": 0.11719745222929936,
      "9": 0.0,
      "10": 0.0,
      "11": 0.0,
      "12": 0.04375,
      "13": 0.0,
      "14": 0.0,
      "15": 0.0,
      "16": 0.0,
      "17": 0.0,
      "18": 0.0,
      "19": 0.0,
      "20": 0.0,
      "21": 0.0,
      "22": 0.0,
      "23": 0.0,
      "24": 0.0,
      "25": 0.1659919028340081,
      "26": 0.14912280701754385,
      "27": 0.0,
      "28": 0.01824817518248175,
      "29": 0.0,
      "30": 0.0,
      "31": 0.0
    }
  },
  "aggregates": {
    "VS_ASSD": {
      "max": 60.735059013768236,
      "min": 1.5609611139308246,
      "std": 17.789500038560412,
      "25pc": 15.711719299917808,
      "50pc": 33.280339257886325,
      "75pc": 45.881470237756716,
      "mean": 31.387393879695754,
      "count": 32.0
    },
    "VS_Dice": {
      "max": 0.7897376262809798,
      "min": 0.0,
      "std": 0.28326653189107814,
      "25pc": 0.0,
      "50pc": 0.00818145155681561,
      "75pc": 0.4362855619156148,
      "mean": 0.21600961699888538,
      "count": 32.0
    },
    "gt_fname": {
      "freq": 1,
      "count": 32
    },
    "Mean_Dice": {
      "max": 0.39913794739824987,
      "min": 0.0,
      "std": 0.14580727169901697,
      "25pc": 0.0,
      "50pc": 0.03386799805237757,
      "75pc": 0.2181427809578074,
      "mean": 0.11728149486857987,
      "count": 32.0
    },
    "pred_fname": {
      "freq": 1,
      "count": 32
    },
    "Cochlea_ASSD": {
      "max": 20.253853128696548,
      "min": 15.858373564862733,
      "std": 1.7222073249416978,
      "25pc": 17.380051199734993,
      "50pc": 17.95392935108189,
      "75pc": 19.723034753487394,
      "mean": 18.253596738771943,
      "count": 6.0
    },