{
  "case": {
    "VS_ASSD": {
      "0": 0.4779041349408261,
      "1": 0.4931636944354667,
      "2": 1.1510128703158562,
      "3": 0.5689034612518518,
      "4": 0.442466245972519,
      "5": 0.5356492738979237,
      "6": 0.41579520744276216,
      "7": 0.3880005786836459,
      "8": 0.3119102428675497,
      "9": 0.3371083638965392,
      "10": 0.9465954066208666,
      "11": 0.6212562141915196,
      "12": 0.8725018077928955,
      "13": 0.3535719570334803,
      "14": 0.5008307306414861,
      "15": 0.39553856980005553,
      "16": 0.44162317617535385,
      "17": 0.4925020472970443,
      "18": 0.5912211485573409,
      "19": 0.48480138615541635,
      "20": 0.5205110470436294,
      "21": 1.4227555063950643,
      "22": 0.3604538821760753,
      "23": 0.7339006556483354,
      "24": 0.32939220419012083,
      "25": 0.40794229750055444,
      "26": 0.6677370416154152,
      "27": 0.7768488165701413,
      "28": 0.31533164219852095,
      "29": 0.8511029939664646,
      "30": 0.8752947434133467,
      "31": 0.29875113608427334
    },
    "VS_Dice": {
      "0": 0.9009794553272814,
      "1": 0.8114186851211073,
      "2": 0.7856064818492334,
      "3": 0.8506224066390041,
      "4": 0.8730288200108755,
      "5": 0.9036944790369448,
      "6": 0.8290100582318687,
      "7": 0.9347496206373292,
      "8": 0.872093023255814,
      "9": 0.7758186397984886,
      "10": 0.7439624853458382,
      "11": 0.835305612854196,
      "12": 0.8095210749971288,
      "13": 0.9358687335279281,
      "14": 0.9005449591280654,
      "15": 0.8221105527638191,
      "16": 0.853291205897841,
      "17": 0.9071624175569869,
      "18": 0.8858483811948135,
      "19": 0.8899711758274526,
      "20": 0.8876053699656572,
      "21": 0.7218673965936739,
      "22": 0.8873478630059439,
      "23": 0.8234000137485392,
      "24": 0.8556650246305418,
      "25": 0.8780601538820237,
      "26": 0.8270753512132822,
      "27": 0.7589719842556147,
      "28": 0.9231692022465783,
      "29": 0.7697880818692265,
      "30": 0.5702127659574469,
      "31": 0.880074228717235
    },
    "gt_fname": {
      "0": "crossmoda_211_Label.nii.gz",
      "1": "crossmoda_212_Label.nii.gz",
      "2": "crossmoda_213_Label.nii.gz",
      "3": "crossmoda_214_Label.nii.gz",
      "4": "crossmoda_215_Label.nii.gz",
      "5": "crossmoda_216_Label.nii.gz",
      "6": "crossmoda_217_Label.nii.gz",
      "7": "crossmoda_218_Label.nii.gz",
      "8": "crossmoda_219_Label.nii.gz",
      "9": "crossmoda_220_Label.nii.gz",
      "10": "crossmoda_221_Label.nii.gz",
      "11": "crossmoda_222_Label.nii.gz",
      "12": "crossmoda_223_Label.nii.gz",
      "13": "crossmoda_224_Label.nii.gz",
      "14": "crossmoda_225_Label.nii.gz",
      "15": "crossmoda_226_Label.nii.gz",
      "16": "crossmoda_227_Label.nii.gz",
      "17": "crossmoda_228_Label.nii.gz",
      "18": "crossmoda_229_Label.nii.gz",
      "19": "crossmoda_230_Label.nii.gz",
      "20": "crossmoda_231_Label.nii.gz",
      "21": "crossmoda_232_Label.nii.gz",
      "22": "crossmoda_233_Label.nii.gz",
      "23": "crossmoda_234_Label.nii.gz",
      "24": "crossmoda_235_Label.nii.gz",
      "25": "crossmoda_236_Label.nii.gz",
      "26": "crossmoda_237_Label.nii.gz",
      "27": "crossmoda_238_Label.nii.gz",
      "28": "crossmoda_239_Label.nii.gz",
      "29": "crossmoda_240_Label.nii.gz",
      "30": "crossmoda_241_Label.nii.gz",
      "31": "crossmoda_242_Label.nii.gz"
    },
    "Mean_Dice": {
      "0": 0.8438720806048172,
      "1": 0.7993875034800939,
      "2": 0.7795366576955804,
      "3": 0.8228924580436139,
      "4": 0.84886833321078,
      "5": 0.8498609904733998,
      "6": 0.820042488399322,
      "7": 0.8688836116598213,
      "8": 0.8237368669578562,
      "9": 0.7378781283833367,
      "10": 0.7702702160569495,
      "11": 0.8010824788741115,
      "12": 0.7993994057040744,
      "13": 0.8355232995702881,
      "14": 0.8249538729370149,
      "15": 0.8009595409598034,
      "16": 0.8209673695104347,
      "17": 0.8465636649188444,
      "18": 0.8429241905974068,
      "19": 0.8313072145311016,
      "20": 0.8613952775754212,
      "21": 0.7682887195132444,
      "22": 0.8450580145479547,
      "23": 0.7976375068742696,
      "24": 0.7874655398382067,
      "25": 0.8307925290482916,
      "26": 0.825392948893785,
      "27": 0.770634317486659,
      "28": 0.8619253166258445,
      "29": 0.7494140895372865,
      "30": 0.6547793264871475,
      "31": 0.8229238905038205
    },
    "pred_fname": {
      "0": "crossmoda_211_Label.nii.gz",
      "1": "crossmoda_212_Label.nii.gz",
      "2": "crossmoda_213_Label.nii.gz",
      "3": "crossmoda_214_Label.nii.gz",
      "4": "crossmoda_215_Label.nii.gz",
      "5": "crossmoda_216_Label.nii.gz",
      "6": "crossmoda_217_Label.nii.gz",
      "7": "crossmoda_218_Label.nii.gz",
      "8": "crossmoda_219_Label.nii.gz",
      "9": "crossmoda_220_Label.nii.gz",
      "10": "crossmoda_221_Label.nii.gz",
      "11": "crossmoda_222_Label.nii.gz",
      "12": "crossmoda_223_Label.nii.gz",
      "13": "crossmoda_224_Label.nii.gz",
      "14": "crossmoda_225_Label.nii.gz",
      "15": "crossmoda_226_Label.nii.gz",
      "16": "crossmoda_227_Label.nii.gz",
      "17": "crossmoda_228_Label.nii.gz",
      "18": "crossmoda_229_Label.nii.gz",
      "19": "crossmoda_230_Label.nii.gz",
      "20": "crossmoda_231_Label.nii.gz",
      "21": "crossmoda_232_Label.nii.gz",
      "22": "crossmoda_233_Label.nii.gz",
      "23": "crossmoda_234_Label.nii.gz",
      "24": "crossmoda_235_Label.nii.gz",
      "25": "crossmoda_236_Label.nii.gz",
      "26": "crossmoda_237_Label.nii.gz",
      "27": "crossmoda_238_Label.nii.gz",
      "28": "crossmoda_239_Label.nii.gz",
      "29": "crossmoda_240_Label.nii.gz",
      "30": "crossmoda_241_Label.nii.gz",
      "31": "crossmoda_242_Label.nii.gz"
    },
    "Cochlea_ASSD": {
      "0": 0.20391892409136508,
      "1": 0.23971658196195142,
      "2": 0.25088423992923314,
      "3": 0.20665777502812382,
      "4": 0.18865995199068641,
      "5": 0.23656244188708503,
      "6": 0.2186287317300533,
      "7": 0.20871930553408644,
      "8": 0.2908415123354308,
      "9": 0.4563223502889766,
      "10": 0.24629693615357592,
      "11": 0.23076312840160523,
      "12": 0.2541223860664895,
      "13": 0.28692231411370633,
      "14": 0.2910559992313944,
      "15": 0.2586239502559512,
      "16": 0.20244331173178765,
      "17": 0.25639615710112573,
      "18": 0.25111743715566426,
      "19": 0.21781311490782107,
      "20": 0.2023928815941473,
      "21": 0.24765773813789022,
      "22": 0.21646427034184496,
      "23": 0.3026867567088088,
      "24": 0.31516813281358247,
      "25": 0.22282737045541878,
      "26": 0.19068134076518706,
      "27": 0.18876212266972242,
      "28": 0.18819480483243423,
      "29": 0.29076076500472203,
      "30": 0.28079983175970935,
      "31": 0.27435065226181443
    },
    "Cochlea_Dice": {
      "0": 0.7867647058823529,
      "1": 0.7873563218390804,
      "2": 0.7734668335419274,
      "3": 0.7951625094482238,
      "4": 0.8247078464106845,
      "5": 0.7960275019098548,
      "6": 0.8110749185667753,
      "7": 0.8030176026823135,
      "8": 0.7753807106598984,
      "9": 0.6999376169681847,
      "10": 0.7965779467680608,
      "11": 0.766859344894027,
      "12": 0.7892777364110201,
      "13": 0.7351778656126482,
      "14": 0.7493627867459643,
      "15": 0.7798085291557877,
      "16": 0.7886435331230284,
      "17": 0.7859649122807018,
      "18": 0.8,
      "19": 0.7726432532347505,
      "20": 0.8351851851851851,
      "21": 0.8147100424328148,
      "22": 0.8027681660899654,
      "23": 0.771875,
      "24": 0.7192660550458716,
      "25": 0.7835249042145593,
      "26": 0.8237105465742879,
      "27": 0.7822966507177034,
      "28": 0.8006814310051107,
      "29": 0.7290400972053463,
      "30": 0.7393458870168483,
      "31": 0.7657735522904062
    }
  },
  "aggregates": {
    "VS_ASSD": {
      "max": 1.4227555063950643,