{
  "case": {
    "VS_ASSD": {
      "0": 0.48905470596794126,
      "1": 0.5896905236757097,
      "2": 1.3187130981511297,
      "3": 0.5631715717687713,
      "4": 0.5406473170253,
      "5": 0.5507319850109234,
      "6": 0.4681286592934649,
      "7": 0.43469529194118367,
      "8": 0.3206275712593629,
      "9": 0.8684965663338886,
      "10": 0.967871041915146,
      "11": 0.6767404649509942,
      "12": 0.9481313472289028,
      "13": 0.4221100405733921,
      "14": 0.5289517069551505,
      "15": 0.4072351714150543,
      "16": 0.4259826595136129,
      "17": 0.5054666182219003,
      "18": 0.6686727674906987,
      "19": 0.5321757235480818,
      "20": 0.5542295588240016,
      "21": 1.5003943058708833,
      "22": 0.3627643272547184,
      "23": 0.7475753280730918,
      "24": 0.3399945089239552,
      "25": 0.40979578459875654,
      "26": 0.6731860602524593,
      "27": 0.7722175679945132,
      "28": 0.3417149544388456,
      "29": 1.2136286804597904,
      "30": 0.5266824029626812,
      "31": 0.3070417550332076
    },
    "VS_Dice": {
      "0": 0.897619901925607,
      "1": 0.7782084409991387,
      "2": 0.743980343980344,
      "3": 0.8480778138026864,
      "4": 0.8583196046128501,
      "5": 0.8987084678679305,
      "6": 0.8122724908996359,
      "7": 0.927318402452525,
      "8": 0.8677839851024208,
      "9": 0.398406374501992,
      "10": 0.7362163422310293,
      "11": 0.8220715950010591,
      "12": 0.7906067677946325,
      "13": 0.9288368267294438,
      "14": 0.8967042313416967,
      "15": 0.8065967016491754,
      "16": 0.8556308213378493,
      "17": 0.9034117104656524,
      "18": 0.872444617178391,
      "19": 0.8812990474310252,
      "20": 0.8802669356716071,
      "21": 0.7066481056473155,
      "22": 0.887305884029064,
      "23": 0.8149527553624388,
      "24": 0.8473985561364202,
      "25": 0.8760388622263842,
      "26": 0.8217291507268554,
      "27": 0.7622504537205081,
      "28": 0.916571053925586,
      "29": 0.6963325183374083,
      "30": 0.6591337099811676,
      "31": 0.8745107068846419
    },
    "gt_fname": {
      "0": "crossmoda_211_Label.nii.gz",
      "1": "crossmoda_212_Label.nii.gz",
      "2": "crossmoda_213_Label.nii.gz",
      "3": "crossmoda_214_Label.nii.gz",
      "4": "crossmoda_215_Label.nii.gz",
      "5": "crossmoda_216_Label.nii.gz",
      "6": "crossmoda_217_Label.nii.gz",
      "7": "crossmoda_218_Label.nii.gz",
      "8": "crossmoda_219_Label.nii.gz",
      "9": "crossmoda_220_Label.nii.gz",
      "10": "crossmoda_221_Label.nii.gz",
      "11": "crossmoda_222_Label.nii.gz",
      "12": "crossmoda_223_Label.nii.gz",
      "13": "crossmoda_224_Label.nii.gz",
      "14": "crossmoda_225_Label.nii.gz",
      "15": "crossmoda_226_Label.nii.gz",
      "16": "crossmoda_227_Label.nii.gz",
      "17": "crossmoda_228_Label.nii.gz",
      "18": "crossmoda_229_Label.nii.gz",
      "19": "crossmoda_230_Label.nii.gz",
      "20": "crossmoda_231_Label.nii.gz",
      "21": "crossmoda_232_Label.nii.gz",
      "22": "crossmoda_233_Label.nii.gz",
      "23": "crossmoda_234_Label.nii.gz",
      "24": "crossmoda_235_Label.nii.gz",
      "25": "crossmoda_236_Label.nii.gz",
      "26": "crossmoda_237_Label.nii.gz",
      "27": "crossmoda_238_Label.nii.gz",
      "28": "crossmoda_239_Label.nii.gz",
      "29": "crossmoda_240_Label.nii.gz",
      "30": "crossmoda_241_Label.nii.gz",
      "31": "crossmoda_242_Label.nii.gz"
    },
    "Mean_Dice": {
      "0": 0.8216136178841176,
      "1": 0.7340925654879142,
      "2": 0.7358765147949382,
      "3": 0.8114628419926211,
      "4": 0.8298591030057257,
      "5": 0.8398366328909405,
      "6": 0.8010043851504595,
      "7": 0.8542961927842057,
      "8": 0.8283671306727574,
      "9": 0.5133057513535602,
      "10": 0.7246562407597236,
      "11": 0.7540045475005295,
      "12": 0.7670902177531156,
      "13": 0.785445700684144,
      "14": 0.7688649361836689,
      "15": 0.767070805914408,
      "16": 0.7967408042349753,
      "17": 0.8079953843965648,
      "18": 0.8290098329556672,
      "19": 0.7908072524221372,
      "20": 0.8261256857346362,
      "21": 0.7688921633070225,
      "22": 0.8273387426187616,
      "23": 0.7589837542046318,
      "24": 0.7809023109241495,
      "25": 0.7896502982571857,
      "26": 0.7763948783937307,
      "27": 0.7674888632238904,
      "28": 0.8235089906499439,
      "29": 0.7271440798051554,
      "30": 0.6891276967106204,
      "31": 0.8039469143086391
    },
    "pred_fname": {
      "0": "crossmoda_211_Label.nii.gz",
      "1": "crossmoda_212_Label.nii.gz",
      "2": "crossmoda_213_Label.nii.gz",
      "3": "crossmoda_214_Label.nii.gz",
      "4": "crossmoda_215_Label.nii.gz",
      "5": "crossmoda_216_Label.nii.gz",
      "6": "crossmoda_217_Label.nii.gz",
      "7": "crossmoda_218_Label.nii.gz",
      "8": "crossmoda_219_Label.nii.gz",
      "9": "crossmoda_220_Label.nii.gz",
      "10": "crossmoda_221_Label.nii.gz",
      "11": "crossmoda_222_Label.nii.gz",
      "12": "crossmoda_223_Label.nii.gz",
      "13": "crossmoda_224_Label.nii.gz",
      "14": "crossmoda_225_Label.nii.gz",
      "15": "crossmoda_226_Label.nii.gz",
      "16": "crossmoda_227_Label.nii.gz",
      "17": "crossmoda_228_Label.nii.gz",
      "18": "crossmoda_229_Label.nii.gz",
      "19": "crossmoda_230_Label.nii.gz",
      "20": "crossmoda_231_Label.nii.gz",
      "21": "crossmoda_232_Label.nii.gz",
      "22": "crossmoda_233_Label.nii.gz",
      "23": "crossmoda_234_Label.nii.gz",
      "24": "crossmoda_235_Label.nii.gz",
      "25": "crossmoda_236_Label.nii.gz",
      "26": "crossmoda_237_Label.nii.gz",
      "27": "crossmoda_238_Label.nii.gz",
      "28": "crossmoda_239_Label.nii.gz",
      "29": "crossmoda_240_Label.nii.gz",
      "30": "crossmoda_241_Label.nii.gz",
      "31": "crossmoda_242_Label.nii.gz"
    },
    "Cochlea_ASSD": {
      "0": 0.2957719616704145,
      "1": 0.45328107020967034,
      "2": 0.45676729520113357,
      "3": 0.2703531873781291,
      "4": 0.27617938320689284,
      "5": 0.2881352609920833,
      "6": 0.24737076382734519,
      "7": 0.29188493911802305,
      "8": 0.3204700497400357,
      "9": 0.5925281379749909,
      "10": 0.41966779232529744,
      "11": 0.4689873440661463,
      "12": 0.42715694144643,
      "13": 0.4954560265250201,
      "14": 0.507203424134987,
      "15": 0.39958514672270895,
      "16": 0.32966950477613016,
      "17": 0.4281547301196774,
      "18": 0.3215323290124976,
      "19": 0.38181846237749173,
      "20": 0.3155029148253241,
      "21": 0.21298402687131646,
      "22": 0.27709537518112043,
      "23": 0.43113801687151615,
      "24": 0.3306369862024713,
      "25": 0.3728495063709565,
      "26": 0.3675340253980046,
      "27": 0.33917695966479056,
      "28": 0.3521784308628755,
      "29": 0.35925562973497915,
      "30": 0.37885145251558594,
      "31": 0.37321884013802775
    },
    "Cochlea_Dice": {
      "0": 0.745607333842628,
      "1": 0.6899766899766899,
      "2": 0.7277726856095326,
      "3": 0.7748478701825557,
      "4": 0.8013986013986014,
      "5": 0.7809647979139505,
      "6": 0.789736279401283,
      "7": 0.7812739831158864,
      "8": 0.7889502762430939,
      "9": 0.6282051282051282,
      "10": 0.7130961392884179,
      "11": 0.6859375,
      "12": 0.7435736677115987,
      "13": 0.6420545746388443,
      "14": 0.6410256410256411,
      "15": 0.7275449101796407,
      "16": 0.7378507871321013,
      "17": 0.7125790583274771,
      "18": 0.7855750487329435,
      "19": 0.7003154574132492,
      "20": 0.7719844357976654,
      "21": 0.8311362209667295,
      "22": 0.7673716012084593,
      "23": 0.7030147530468249,
      "24": 0.7144060657118787,
      "25": 0.7032617342879872,
      "26": 0.7310606060606061,
      "27": 0.7727272727272727,
      "28": 0.7304469273743017,
      "29": 0.7579556412729026,
      "30": 0.7191216834400732,
      "31": 0.7333831217326363
    }
  },
  "aggregates": {
    "VS_ASSD": {
      "max": 1.5003943058708833,